{
    "hp": {
        "activation": "tanh",
        "hidden_layer_sizes": [
            100
        ],
        "max_iter": 800,
        "random_state": 42,
        "shuffle": true,
        "solver": "adam"
    },
    "accuracy": 0.5204481792717087,
    "recall": 0.5204481792717087,
    "precision": 0.5204481792717087
}