{
    "hp": {
        "bootstrap": false,
        "criterion": "entropy",
        "max_features": "sqrt",
        "n_estimators": 150,
        "n_jobs": -1,
        "random_state": 42,
        "warm_start": true
    },
    "accuracy": 0.5872268907563025,
    "recall": 0.5872268907563025,
    "precision": 0.5872268907563025
}