{
  "average_far": 0.11333333333333333,
  "average_frr": 0.2043137254901961,
  "best_far": [
    "s035",
    0.015599999999999947
  ],
  "best_frr": [
    "s010",
    0.0
  ],
  "hp": {
    "s002": {
      "threshold": 0.65
    },
    "s003": {
      "threshold": 0.7000000000000001
    },
    "s004": {
      "threshold": 0.7000000000000001
    },
    "s005": {
      "threshold": 0.65
    },
    "s007": {
      "threshold": 0.7500000000000001
    },
    "s008": {
      "threshold": 0.6
    },
    "s010": {
      "threshold": 0.7000000000000001
    },
    "s011": {
      "threshold": 0.65
    },
    "s012": {
      "threshold": 0.65
    },
    "s013": {
      "threshold": 0.7500000000000001
    },
    "s015": {
      "threshold": 0.65
    },
    "s016": {
      "threshold": 0.5499999999999999
    },
    "s017": {
      "threshold": 0.65
    },
    "s018": {
      "threshold": 0.7000000000000001
    },
    "s019": {
      "threshold": 0.65
    },
    "s020": {
      "threshold": 0.6
    },
    "s021": {
      "threshold": 0.7000000000000001
    },
    "s022": {
      "threshold": 0.5499999999999999
    },
    "s024": {
      "threshold": 0.6
    },
    "s025": {
      "threshold": 0.7000000000000001
    },
    "s026": {
      "threshold": 0.7000000000000001
    },
    "s027": {
      "threshold": 0.6
    },
    "s028": {
      "threshold": 0.5499999999999999
    },
    "s029": {
      "threshold": 0.7000000000000001
    },
    "s030": {
      "threshold": 0.7500000000000001
    },
    "s031": {
      "threshold": 0.8000000000000002
    },
    "s032": {
      "threshold": 0.7000000000000001
    },
    "s033": {
      "threshold": 0.7000000000000001
    },
    "s034": {
      "threshold": 0.8000000000000002
    },
    "s035": {
      "threshold": 0.8000000000000002
    },
    "s036": {
      "threshold": 0.49999999999999994
    },
    "s037": {
      "threshold": 0.7500000000000001
    },
    "s038": {
      "threshold": 0.8000000000000002
    },
    "s039": {
      "threshold": 0.7000000000000001
    },
    "s040": {
      "threshold": 0.7000000000000001
    },
    "s041": {
      "threshold": 0.7500000000000001
    },
    "s042": {
      "threshold": 0.65
    },
    "s043": {
      "threshold": 0.5499999999999999
    },
    "s044": {
      "threshold": 0.8000000000000002
    },
    "s046": {
      "threshold": 0.8000000000000002
    },
    "s047": {
      "threshold": 0.7000000000000001
    },
    "s048": {
      "threshold": 0.65
    },
    "s049": {
      "threshold": 0.6
    },
    "s050": {
      "threshold": 0.7000000000000001
    },
    "s051": {
      "threshold": 0.7000000000000001
    },
    "s052": {
      "threshold": 0.5499999999999999
    },
    "s053": {
      "threshold": 0.5499999999999999
    },
    "s054": {
      "threshold": 0.7000000000000001
    },
    "s055": {
      "threshold": 0.6
    },
    "s056": {
      "threshold": 0.7000000000000001
    },
    "s057": {
      "threshold": 0.7000000000000001
    }
  },
  "user_model_far": {
    "s002": 0.12360000000000004,
    "s003": 0.08960000000000001,
    "s004": 0.09519999999999995,
    "s005": 0.09999999999999998,
    "s007": 0.04600000000000004,
    "s008": 0.17479999999999996,
    "s010": 0.04520000000000002,
    "s011": 0.24519999999999997,
    "s012": 0.1632,
    "s013": 0.07679999999999998,
    "s015": 0.3164,
    "s016": 0.018399999999999972,
    "s017": 0.016800000000000037,
    "s018": 0.3496,
    "s019": 0.01959999999999995,
    "s020": 0.16479999999999995,
    "s021": 0.032399999999999984,
    "s022": 0.04720000000000002,
    "s024": 0.052000000000000046,
    "s025": 0.03720000000000001,
    "s026": 0.06520000000000004,
    "s027": 0.08440000000000003,
    "s028": 0.04200000000000004,
    "s029": 0.04920000000000002,
    "s030": 0.1532,
    "s031": 0.026000000000000023,
    "s032": 0.24,
    "s033": 0.0524,
    "s034": 0.11199999999999999,
    "s035": 0.015599999999999947,
    "s036": 0.02400000000000002,
    "s037": 0.11439999999999995,
    "s038": 0.05120000000000002,
    "s039": 0.050000000000000044,
    "s040": 0.12,
    "s041": 0.08679999999999999,
    "s042": 0.060799999999999965,
    "s043": 0.018399999999999972,
    "s044": 0.04239999999999999,
    "s046": 0.21040000000000003,
    "s048": 0.4284,
    "s049": 0.040000000000000036,
    "s050": 0.23199999999999998,
    "s051": 0.06840000000000002,
    "s052": 0.020399999999999974,
    "s053": 0.13639999999999997,
    "s054": 0.35760000000000003,
    "s055": 0.09160000000000001,
    "s056": 0.2512,
    "s057": 0.24439999999999995
  },
  "user_model_frr": {
    "s002": 0.020000000000000018,
    "s003": 0.14,
    "s004": 0.31999999999999995,
    "s005": 0.020000000000000018,
    "s007": 0.19999999999999996,
    "s008": 0.040000000000000036,
    "s010": 0.0,
    "s011": 0.33999999999999997,
    "s012": 0.06000000000000005,
    "s013": 0.28,
    "s015": 0.06000000000000005,
    "s016": 0.0,
    "s017": 0.09999999999999998,
    "s018": 0.16000000000000003,
    "s019": 0.040000000000000036,
    "s020": 0.43999999999999995,
    "s021": 0.21999999999999997,
    "s022": 0.040000000000000036,
    "s024": 0.040000000000000036,
    "s025": 0.07999999999999996,
    "s026": 0.16000000000000003,
    "s027": 0.14,
    "s028": 0.06000000000000005,
    "s029": 0.09999999999999998,
    "s030": 0.07999999999999996,
    "s031": 0.9,
    "s032": 0.31999999999999995,
    "s033": 0.12,
    "s034": 0.4,
    "s035": 0.43999999999999995,
    "s036": 0.0,
    "s037": 0.31999999999999995,
    "s038": 0.38,
    "s039": 0.14,
    "s040": 0.98,
    "s041": 0.78,
    "s042": 0.54,
    "s043": 0.020000000000000018,
    "s044": 0.18000000000000005,
    "s046": 0.5,
    "s048": 0.0,
    "s049": 0.0,
    "s050": 0.040000000000000036,
    "s051": 0.38,
    "s052": 0.16000000000000003,
    "s053": 0.0,
    "s054": 0.0,
    "s055": 0.07999999999999996,
    "s056": 0.18000000000000005,
    "s057": 0.4
  }
}