{
  "average_far": 0.10167731092436974,
  "average_frr": 0.38913165266106436,
  "best_far": [
    "s052",
    0.00011428571428573342
  ],
  "best_frr": [
    "s046",
    0.03142857142857147
  ],
  "hp": {
    "default": {
      "threshold": 0.7000000000000001
    }
  },
  "user_model_far": {
    "s002": 0.04834285714285713,
    "s003": 0.09531428571428568,
    "s004": 0.08725714285714281,
    "s005": 0.03485714285714281,
    "s007": 0.09365714285714288,
    "s008": 0.02959999999999996,
    "s010": 0.04868571428571433,
    "s011": 0.10691428571428574,
    "s012": 0.0792571428571428,
    "s013": 0.1278285714285714,
    "s015": 0.1498857142857143,
    "s017": 0.010399999999999965,
    "s018": 0.3376571428571429,
    "s019": 0.0048000000000000265,
    "s020": 0.03822857142857139,
    "s021": 0.0252,
    "s022": 0.0028000000000000247,
    "s024": 0.010685714285714298,
    "s025": 0.018228571428571483,
    "s026": 0.06377142857142859,
    "s027": 0.00914285714285712,
    "s028": 0.008057142857142874,
    "s029": 0.047599999999999976,
    "s030": 0.21622857142857144,
    "s031": 0.09405714285714284,
    "s032": 0.19388571428571433,
    "s033": 0.03868571428571432,
    "s034": 0.33588571428571423,
    "s035": 0.1375428571428572,
    "s036": 0.0007428571428571562,
    "s037": 0.17714285714285716,
    "s038": 0.19834285714285715,
    "s039": 0.044228571428571395,
    "s040": 0.08422857142857143,
    "s041": 0.19514285714285717,
    "s042": 0.017657142857142816,
    "s043": 0.009371428571428586,
    "s044": 0.12542857142857144,
    "s046": 0.4088571428571428,
    "s047": 0.057599999999999985,
    "s048": 0.24897142857142862,
    "s049": 0.0022857142857143353,
    "s050": 0.22737142857142856,
    "s051": 0.0610857142857143,
    "s052": 0.00011428571428573342,
    "s053": 0.006000000000000005,
    "s054": 0.3401142857142857,
    "s055": 0.02639999999999998,
    "s056": 0.23160000000000003,
    "s057": 0.22799999999999998
  },
  "user_model_frr": {
    "s002": 0.6714285714285715,
    "s003": 0.5914285714285714,
    "s004": 0.5428571428571429,
    "s005": 0.0485714285714286,
    "s007": 0.7628571428571429,
    "s008": 0.8200000000000001,
    "s010": 0.0942857142857143,
    "s011": 0.8657142857142857,
    "s012": 0.3828571428571429,
    "s013": 0.44571428571428573,
    "s015": 0.3857142857142857,
    "s017": 0.2828571428571428,
    "s018": 0.33999999999999997,
    "s019": 0.11142857142857143,
    "s020": 0.6485714285714286,
    "s021": 0.5571428571428572,
    "s022": 0.3142857142857143,
    "s024": 0.09142857142857141,
    "s025": 0.1428571428571429,
    "s026": 0.20571428571428574,
    "s027": 0.4742857142857143,
    "s028": 0.4,
    "s029": 0.41428571428571426,
    "s030": 0.14857142857142858,
    "s031": 0.8371428571428572,
    "s032": 0.6485714285714286,
    "s033": 0.09999999999999998,
    "s034": 0.5,
    "s035": 0.2657142857142857,
    "s036": 0.07999999999999996,
    "s037": 0.36571428571428577,
    "s038": 0.14857142857142858,
    "s039": 0.14857142857142858,
    "s040": 0.4742857142857143,
    "s041": 0.6428571428571428,
    "s042": 0.49142857142857144,
    "s043": 0.6457142857142857,
    "s044": 0.05714285714285716,
    "s046": 0.03142857142857147,
    "s047": 0.4028571428571428,
    "s048": 0.0971428571428572,
    "s049": 0.39428571428571424,
    "s050": 0.07714285714285718,
    "s051": 0.7628571428571429,
    "s052": 0.6285714285714286,
    "s053": 0.4714285714285714,
    "s054": 0.07999999999999996,
    "s055": 0.6057142857142856,
    "s056": 0.34571428571428575,
    "s057": 0.3628571428571429
  }
}