{
    "hp": {
        "default": {
            "threshold": 0.6
        }
    },
    "average_frr": 0.0,
    "average_far": 0.9772941176470586,
    "user_model_frr": {
        "s036": 0.0,
        "s040": 0.0,
        "s024": 0.0,
        "s050": 0.0,
        "s026": 0.0,
        "s037": 0.0,
        "s038": 0.0,
        "s041": 0.0,
        "s025": 0.0,
        "s004": 0.0,
        "s047": 0.0,
        "s021": 0.0,
        "s010": 0.0,
        "s028": 0.0,
        "s022": 0.0,
        "s007": 0.0,
        "s029": 0.0,
        "s016": 0.0,
        "s039": 0.0,
        "s052": 0.0,
        "s008": 0.0,
        "s051": 0.0,
        "s044": 0.0,
        "s053": 0.0,
        "s013": 0.0,
        "s002": 0.0,
        "s033": 0.0,
        "s034": 0.0,
        "s035": 0.0,
        "s032": 0.0,
        "s054": 0.0,
        "s020": 0.0,
        "s057": 0.0,
        "s027": 0.0,
        "s048": 0.0,
        "s003": 0.0,
        "s019": 0.0,
        "s042": 0.0,
        "s046": 0.0,
        "s055": 0.0,
        "s049": 0.0,
        "s012": 0.0,
        "s015": 0.0,
        "s043": 0.0,
        "s056": 0.0,
        "s030": 0.0,
        "s018": 0.0,
        "s031": 0.0,
        "s005": 0.0,
        "s011": 0.0
    },
    "user_model_far": {
        "s036": 0.4101714285714285,
        "s040": 1.0,
        "s024": 0.9915428571428572,
        "s050": 0.9989714285714286,
        "s026": 0.9824571428571428,
        "s037": 0.9957714285714285,
        "s038": 1.0,
        "s041": 0.9992571428571428,
        "s025": 0.9913142857142857,
        "s004": 0.9785142857142857,
        "s047": 1.0,
        "s021": 0.9990857142857142,
        "s010": 0.9940571428571429,
        "s028": 0.9830857142857143,
        "s022": 0.9471428571428572,
        "s007": 0.9961714285714286,
        "s029": 0.9893714285714286,
        "s016": 0.8869714285714285,
        "s039": 0.9985714285714286,
        "s052": 0.9984571428571428,
        "s008": 0.9730857142857143,
        "s051": 0.9893142857142857,
        "s044": 1.0,
        "s053": 0.9853142857142857,
        "s013": 0.9918285714285714,
        "s002": 0.9856,
        "s033": 1.0,
        "s034": 0.9957714285714285,
        "s035": 0.9999428571428571,
        "s032": 0.9990857142857142,
        "s054": 1.0,
        "s020": 0.9971428571428571,
        "s057": 0.9904,
        "s027": 0.9968,
        "s048": 0.9848571428571429,
        "s003": 0.9967428571428572,
        "s019": 0.9629142857142857,
        "s042": 0.9969142857142858,
        "s046": 1.0,
        "s055": 0.9609714285714286,
        "s049": 0.9986857142857143,
        "s012": 0.9981714285714286,
        "s015": 0.9921142857142857,
        "s043": 0.9314857142857143,
        "s056": 0.9952,
        "s030": 1.0,
        "s018": 0.9991428571428571,
        "s031": 0.9995428571428572,
        "s005": 0.9989142857142858,
        "s011": 0.9964
    },
    "best_frr": [
        "s017",
        0.0
    ],
    "best_far": [
        "s036",
        0.4101714285714285
    ]
}