{
    "hp": {
        "default": {
            "threshold": 0.35
        }
    },
    "average_frr": 0.006498599439775912,
    "average_far": 0.7677770308123248,
    "user_model_frr": {
        "s044": 0.0,
        "s003": 0.0,
        "s041": 0.0,
        "s024": 0.0,
        "s028": 0.0028571428571428914,
        "s047": 0.0,
        "s033": 0.0,
        "s040": 0.0,
        "s057": 0.0,
        "s018": 0.0028571428571428914,
        "s013": 0.005714285714285672,
        "s046": 0.0,
        "s053": 0.0,
        "s027": 0.0,
        "s012": 0.0,
        "s052": 0.0,
        "s021": 0.0028571428571428914,
        "s010": 0.0,
        "s005": 0.0,
        "s007": 0.08857142857142852,
        "s017": 0.0,
        "s019": 0.0,
        "s029": 0.0028571428571428914,
        "s034": 0.0,
        "s037": 0.0,
        "s039": 0.0,
        "s043": 0.0,
        "s048": 0.0,
        "s049": 0.0,
        "s042": 0.0028571428571428914,
        "s022": 0.0,
        "s031": 0.014285714285714235,
        "s004": 0.0,
        "s032": 0.017142857142857126,
        "s002": 0.0028571428571428914,
        "s056": 0.0,
        "s025": 0.0,
        "s015": 0.0,
        "s026": 0.0,
        "s054": 0.0,
        "s020": 0.042857142857142816,
        "s036": 0.0,
        "s038": 0.0,
        "s051": 0.0485714285714286,
        "s030": 0.0,
        "s035": 0.0,
        "s016": 0.05428571428571427,
        "s055": 0.0028571428571428914,
        "s008": 0.011428571428571455,
        "s050": 0.0
    },
    "user_model_far": {
        "s044": 0.9692571428571428,
        "s003": 0.9132,
        "s041": 0.9489714285714286,
        "s024": 0.5261714285714285,
        "s028": 0.27342857142857147,
        "s047": 0.9060571428571429,
        "s033": 0.6961714285714286,
        "s040": 0.9531428571428572,
        "s057": 0.8952,
        "s018": 0.9508571428571428,
        "s013": 0.8326285714285715,
        "s046": 0.992,
        "s053": 0.746,
        "s027": 0.7103428571428572,
        "s012": 0.92,
        "s052": 0.5212571428571429,
        "s021": 0.8123428571428571,
        "s010": 0.7997142857142857,
        "s005": 0.7502857142857142,
        "s007": 0.8424,
        "s017": 0.4702857142857143,
        "s019": 0.6266285714285714,
        "s029": 0.7929714285714285,
        "s034": 0.942,
        "s037": 0.9010857142857143,
        "s039": 0.8371428571428572,
        "s043": 0.17194285714285718,
        "s048": 0.9062857142857143,
        "s049": 0.8658857142857143,
        "s042": 0.7976,
        "s022": 0.2509714285714286,
        "s031": 0.8314857142857143,
        "s004": 0.8454285714285714,
        "s032": 0.9192571428571429,
        "s002": 0.8063428571428571,
        "s056": 0.9301142857142857,
        "s025": 0.7581142857142857,
        "s015": 0.8684000000000001,
        "s026": 0.7890285714285714,
        "s054": 0.9458857142857143,
        "s020": 0.8181714285714285,
        "s036": 0.08588571428571423,
        "s038": 0.9421142857142857,
        "s051": 0.7680571428571429,
        "s030": 0.9770285714285715,
        "s035": 0.9026285714285714,
        "s016": 0.21022857142857143,
        "s055": 0.6184000000000001,
        "s008": 0.7708,
        "s050": 0.9339999999999999
    },
    "best_frr": [
        "s044",
        0.0
    ],
    "best_far": [
        "s036",
        0.08588571428571423
    ]
}