{
    "hp": {
        "s022": {
            "threshold": 0.5499999999999999
        },
        "s012": {
            "threshold": 0.65
        },
        "s049": {
            "threshold": 0.6
        },
        "s032": {
            "threshold": 0.7000000000000001
        },
        "s054": {
            "threshold": 0.7000000000000001
        },
        "s048": {
            "threshold": 0.65
        },
        "s002": {
            "threshold": 0.65
        },
        "s055": {
            "threshold": 0.6
        },
        "s005": {
            "threshold": 0.65
        },
        "s010": {
            "threshold": 0.7000000000000001
        },
        "s044": {
            "threshold": 0.8000000000000002
        },
        "s040": {
            "threshold": 0.7000000000000001
        },
        "s016": {
            "threshold": 0.5499999999999999
        },
        "s031": {
            "threshold": 0.8000000000000002
        },
        "s036": {
            "threshold": 0.49999999999999994
        },
        "s041": {
            "threshold": 0.7500000000000001
        },
        "s020": {
            "threshold": 0.6
        },
        "s037": {
            "threshold": 0.7500000000000001
        },
        "s053": {
            "threshold": 0.5499999999999999
        },
        "s028": {
            "threshold": 0.5499999999999999
        },
        "s013": {
            "threshold": 0.7500000000000001
        },
        "s057": {
            "threshold": 0.7000000000000001
        },
        "s039": {
            "threshold": 0.7000000000000001
        },
        "s008": {
            "threshold": 0.6
        },
        "s047": {
            "threshold": 0.7000000000000001
        },
        "s052": {
            "threshold": 0.5499999999999999
        },
        "s051": {
            "threshold": 0.7000000000000001
        },
        "s017": {
            "threshold": 0.65
        },
        "s056": {
            "threshold": 0.7000000000000001
        },
        "s003": {
            "threshold": 0.7000000000000001
        },
        "s050": {
            "threshold": 0.7000000000000001
        },
        "s011": {
            "threshold": 0.65
        },
        "s018": {
            "threshold": 0.7000000000000001
        },
        "s029": {
            "threshold": 0.7000000000000001
        },
        "s027": {
            "threshold": 0.6
        },
        "s030": {
            "threshold": 0.7500000000000001
        },
        "s034": {
            "threshold": 0.8000000000000002
        },
        "s025": {
            "threshold": 0.7000000000000001
        },
        "s004": {
            "threshold": 0.7000000000000001
        },
        "s015": {
            "threshold": 0.65
        },
        "s038": {
            "threshold": 0.8000000000000002
        },
        "s019": {
            "threshold": 0.65
        },
        "s033": {
            "threshold": 0.7000000000000001
        },
        "s026": {
            "threshold": 0.7000000000000001
        },
        "s021": {
            "threshold": 0.7000000000000001
        },
        "s046": {
            "threshold": 0.8000000000000002
        },
        "s043": {
            "threshold": 0.5499999999999999
        },
        "s042": {
            "threshold": 0.65
        },
        "s007": {
            "threshold": 0.7500000000000001
        },
        "s024": {
            "threshold": 0.6
        },
        "s035": {
            "threshold": 0.8000000000000002
        }
    },
    "average_frr": 0.204313725490196,
    "average_far": 0.11333333333333334,
    "user_model_frr": {
        "s022": 0.040000000000000036,
        "s012": 0.06000000000000005,
        "s049": 0.0,
        "s032": 0.31999999999999995,
        "s054": 0.0,
        "s048": 0.0,
        "s002": 0.020000000000000018,
        "s055": 0.07999999999999996,
        "s005": 0.020000000000000018,
        "s010": 0.0,
        "s044": 0.18000000000000005,
        "s040": 0.98,
        "s016": 0.0,
        "s031": 0.9,
        "s036": 0.0,
        "s041": 0.78,
        "s020": 0.43999999999999995,
        "s037": 0.31999999999999995,
        "s053": 0.0,
        "s028": 0.06000000000000005,
        "s013": 0.28,
        "s057": 0.4,
        "s039": 0.14,
        "s008": 0.040000000000000036,
        "s047": 0.020000000000000018,
        "s052": 0.16000000000000003,
        "s051": 0.38,
        "s017": 0.09999999999999998,
        "s056": 0.18000000000000005,
        "s003": 0.14,
        "s050": 0.040000000000000036,
        "s011": 0.33999999999999997,
        "s018": 0.16000000000000003,
        "s029": 0.09999999999999998,
        "s027": 0.14,
        "s030": 0.07999999999999996,
        "s034": 0.4,
        "s025": 0.07999999999999996,
        "s004": 0.31999999999999995,
        "s015": 0.06000000000000005,
        "s038": 0.38,
        "s019": 0.040000000000000036,
        "s033": 0.12,
        "s026": 0.16000000000000003,
        "s021": 0.21999999999999997,
        "s046": 0.5,
        "s043": 0.020000000000000018,
        "s042": 0.54,
        "s007": 0.19999999999999996,
        "s024": 0.040000000000000036
    },
    "user_model_far": {
        "s022": 0.04720000000000002,
        "s012": 0.1632,
        "s049": 0.040000000000000036,
        "s032": 0.24,
        "s054": 0.35760000000000003,
        "s048": 0.4284,
        "s002": 0.12360000000000004,
        "s055": 0.09160000000000001,
        "s005": 0.09999999999999998,
        "s010": 0.04520000000000002,
        "s044": 0.04239999999999999,
        "s040": 0.12,
        "s016": 0.018399999999999972,
        "s031": 0.026000000000000023,
        "s036": 0.02400000000000002,
        "s041": 0.08679999999999999,
        "s020": 0.16479999999999995,
        "s037": 0.11439999999999995,
        "s053": 0.13639999999999997,
        "s028": 0.04200000000000004,
        "s013": 0.07679999999999998,
        "s057": 0.24439999999999995,
        "s039": 0.050000000000000044,
        "s008": 0.17479999999999996,
        "s047": 0.07720000000000005,
        "s052": 0.020399999999999974,
        "s051": 0.06840000000000002,
        "s017": 0.016800000000000037,
        "s056": 0.2512,
        "s003": 0.08960000000000001,
        "s050": 0.23199999999999998,
        "s011": 0.24519999999999997,
        "s018": 0.3496,
        "s029": 0.04920000000000002,
        "s027": 0.08440000000000003,
        "s030": 0.1532,
        "s034": 0.11199999999999999,
        "s025": 0.03720000000000001,
        "s004": 0.09519999999999995,
        "s015": 0.3164,
        "s038": 0.05120000000000002,
        "s019": 0.01959999999999995,
        "s033": 0.0524,
        "s026": 0.06520000000000004,
        "s021": 0.032399999999999984,
        "s046": 0.21040000000000003,
        "s043": 0.018399999999999972,
        "s042": 0.060799999999999965,
        "s007": 0.04600000000000004,
        "s024": 0.052000000000000046
    },
    "best_frr": [
        "s049",
        0.0
    ],
    "best_far": [
        "s035",
        0.015599999999999947
    ]
}