{
    "hp": {
        "default": {
            "threshold": 0.7
        }
    },
    "average_frr": 0.38913165266106453,
    "average_far": 0.10167731092436973,
    "user_model_frr": {
        "s049": 0.39428571428571424,
        "s048": 0.0971428571428572,
        "s035": 0.2657142857142857,
        "s040": 0.4742857142857143,
        "s016": 0.43714285714285717,
        "s043": 0.6457142857142857,
        "s013": 0.44571428571428573,
        "s022": 0.3142857142857143,
        "s008": 0.8200000000000001,
        "s057": 0.3628571428571429,
        "s025": 0.1428571428571429,
        "s041": 0.6428571428571428,
        "s026": 0.20571428571428574,
        "s038": 0.14857142857142858,
        "s047": 0.4028571428571428,
        "s053": 0.4714285714285714,
        "s030": 0.14857142857142858,
        "s042": 0.49142857142857144,
        "s050": 0.07714285714285718,
        "s002": 0.6714285714285715,
        "s003": 0.5914285714285714,
        "s015": 0.3857142857142857,
        "s019": 0.11142857142857143,
        "s024": 0.09142857142857141,
        "s018": 0.33999999999999997,
        "s004": 0.5428571428571429,
        "s028": 0.4,
        "s032": 0.6485714285714286,
        "s056": 0.34571428571428575,
        "s054": 0.07999999999999996,
        "s007": 0.7628571428571429,
        "s010": 0.0942857142857143,
        "s055": 0.6057142857142856,
        "s031": 0.8371428571428572,
        "s029": 0.41428571428571426,
        "s039": 0.14857142857142858,
        "s034": 0.5,
        "s044": 0.05714285714285716,
        "s027": 0.4742857142857143,
        "s037": 0.36571428571428577,
        "s051": 0.7628571428571429,
        "s012": 0.3828571428571429,
        "s017": 0.2828571428571428,
        "s021": 0.5571428571428572,
        "s046": 0.03142857142857147,
        "s052": 0.6285714285714286,
        "s005": 0.0485714285714286,
        "s033": 0.09999999999999998,
        "s011": 0.8657142857142857,
        "s036": 0.07999999999999996
    },
    "user_model_far": {
        "s049": 0.0022857142857143353,
        "s048": 0.24897142857142862,
        "s035": 0.1375428571428572,
        "s040": 0.08422857142857143,
        "s016": 0.00039999999999995595,
        "s043": 0.009371428571428586,
        "s013": 0.1278285714285714,
        "s022": 0.0028000000000000247,
        "s008": 0.02959999999999996,
        "s057": 0.22799999999999998,
        "s025": 0.018228571428571483,
        "s041": 0.19514285714285717,
        "s026": 0.06377142857142859,
        "s038": 0.19834285714285715,
        "s047": 0.057599999999999985,
        "s053": 0.006000000000000005,
        "s030": 0.21622857142857144,
        "s042": 0.017657142857142816,
        "s050": 0.22737142857142856,
        "s002": 0.04834285714285713,
        "s003": 0.09531428571428568,
        "s015": 0.1498857142857143,
        "s019": 0.0048000000000000265,
        "s024": 0.010685714285714298,
        "s018": 0.3376571428571429,
        "s004": 0.08725714285714281,
        "s028": 0.008057142857142874,
        "s032": 0.19388571428571433,
        "s056": 0.23160000000000003,
        "s054": 0.3401142857142857,
        "s007": 0.09365714285714288,
        "s010": 0.04868571428571433,
        "s055": 0.02639999999999998,
        "s031": 0.09405714285714284,
        "s029": 0.047599999999999976,
        "s039": 0.044228571428571395,
        "s034": 0.33588571428571423,
        "s044": 0.12542857142857144,
        "s027": 0.00914285714285712,
        "s037": 0.17714285714285716,
        "s051": 0.0610857142857143,
        "s012": 0.0792571428571428,
        "s017": 0.010399999999999965,
        "s021": 0.0252,
        "s046": 0.4088571428571428,
        "s052": 0.00011428571428573342,
        "s005": 0.03485714285714281,
        "s033": 0.03868571428571432,
        "s011": 0.10691428571428574,
        "s036": 0.0007428571428571562
    },
    "best_frr": [
        "s046",
        0.03142857142857147
    ],
    "best_far": [
        "s052",
        0.00011428571428573342
    ]
}