{
    "hp": {
        "s026": {
            "threshold": 0.6750000000000004
        },
        "s052": {
            "threshold": 0.5500000000000003
        },
        "s015": {
            "threshold": 0.6750000000000004
        },
        "s016": {
            "threshold": 0.5000000000000002
        },
        "s019": {
            "threshold": 0.6000000000000003
        },
        "s038": {
            "threshold": 0.6750000000000004
        },
        "s050": {
            "threshold": 0.6750000000000004
        },
        "s029": {
            "threshold": 0.6250000000000003
        },
        "s022": {
            "threshold": 0.5250000000000002
        },
        "s057": {
            "threshold": 0.6750000000000004
        },
        "s008": {
            "threshold": 0.6250000000000003
        },
        "s037": {
            "threshold": 0.6750000000000004
        },
        "s011": {
            "threshold": 0.6250000000000003
        },
        "s043": {
            "threshold": 0.5250000000000002
        },
        "s002": {
            "threshold": 0.6750000000000004
        },
        "s018": {
            "threshold": 0.6750000000000004
        },
        "s047": {
            "threshold": 0.6750000000000004
        },
        "s048": {
            "threshold": 0.6250000000000003
        },
        "s010": {
            "threshold": 0.6250000000000003
        },
        "s021": {
            "threshold": 0.6750000000000004
        },
        "s044": {
            "threshold": 0.6750000000000004
        },
        "s032": {
            "threshold": 0.6750000000000004
        },
        "s005": {
            "threshold": 0.6750000000000004
        },
        "s042": {
            "threshold": 0.6750000000000004
        },
        "s003": {
            "threshold": 0.6750000000000004
        },
        "s030": {
            "threshold": 0.6750000000000004
        },
        "s039": {
            "threshold": 0.6750000000000004
        },
        "s041": {
            "threshold": 0.6500000000000004
        },
        "s004": {
            "threshold": 0.6750000000000004
        },
        "s025": {
            "threshold": 0.6750000000000004
        },
        "s051": {
            "threshold": 0.6750000000000004
        },
        "s013": {
            "threshold": 0.6750000000000004
        },
        "s034": {
            "threshold": 0.6750000000000004
        },
        "s040": {
            "threshold": 0.6750000000000004
        },
        "s007": {
            "threshold": 0.6750000000000004
        },
        "s036": {
            "threshold": 0.5250000000000002
        },
        "s024": {
            "threshold": 0.6750000000000004
        },
        "s055": {
            "threshold": 0.5500000000000003
        },
        "s033": {
            "threshold": 0.6250000000000003
        },
        "s046": {
            "threshold": 0.6500000000000004
        },
        "s027": {
            "threshold": 0.6000000000000003
        },
        "s017": {
            "threshold": 0.6000000000000003
        },
        "s056": {
            "threshold": 0.6750000000000004
        },
        "s012": {
            "threshold": 0.6500000000000004
        },
        "s053": {
            "threshold": 0.6000000000000003
        },
        "s035": {
            "threshold": 0.6750000000000004
        },
        "s031": {
            "threshold": 0.6250000000000003
        },
        "s049": {
            "threshold": 0.6000000000000003
        },
        "s020": {
            "threshold": 0.6000000000000003
        },
        "s028": {
            "threshold": 0.5500000000000003
        },
        "s054": {
            "threshold": 0.6750000000000004
        }
    },
    "average_frr": 0.37053221288515403,
    "average_far": 0.12111708683473392,
    "user_model_frr": {
        "s026": 0.18000000000000005,
        "s052": 0.5171428571428571,
        "s015": 0.36,
        "s016": 0.4257142857142857,
        "s019": 0.2142857142857143,
        "s038": 0.18000000000000005,
        "s050": 0.06285714285714283,
        "s029": 0.34285714285714286,
        "s022": 0.26,
        "s057": 0.25428571428571434,
        "s008": 0.7885714285714286,
        "s037": 0.3028571428571428,
        "s011": 0.84,
        "s043": 0.5571428571428572,
        "s002": 0.6142857142857143,
        "s018": 0.29428571428571426,
        "s047": 0.5828571428571429,
        "s048": 0.09999999999999998,
        "s010": 0.05142857142857138,
        "s021": 0.4742857142857143,
        "s044": 0.02571428571428569,
        "s032": 0.6657142857142857,
        "s005": 0.02285714285714291,
        "s042": 0.5057142857142858,
        "s003": 0.5342857142857143,
        "s030": 0.1428571428571429,
        "s039": 0.13428571428571423,
        "s041": 0.5228571428571429,
        "s004": 0.4828571428571429,
        "s025": 0.09999999999999998,
        "s051": 0.8,
        "s013": 0.5257142857142857,
        "s034": 0.6228571428571428,
        "s040": 0.41714285714285715,
        "s007": 0.78,
        "s036": 0.0942857142857143,
        "s024": 0.08285714285714285,
        "s055": 0.6542857142857144,
        "s033": 0.0971428571428572,
        "s046": 0.020000000000000018,
        "s027": 0.5857142857142856,
        "s017": 0.2657142857142857,
        "s056": 0.21999999999999997,
        "s012": 0.3828571428571429,
        "s053": 0.5971428571428572,
        "s035": 0.27714285714285714,
        "s031": 0.8257142857142857,
        "s049": 0.20857142857142852,
        "s020": 0.5371428571428571,
        "s028": 0.31714285714285717
    },
    "user_model_far": {
        "s026": 0.06714285714285717,
        "s052": 0.00022857142857146684,
        "s015": 0.17445714285714287,
        "s016": 0.0008000000000000229,
        "s019": 0.0063428571428570946,
        "s038": 0.2229714285714286,
        "s050": 0.23422857142857145,
        "s029": 0.05885714285714283,
        "s022": 0.004857142857142893,
        "s057": 0.3155428571428571,
        "s008": 0.039657142857142835,
        "s037": 0.2228,
        "s011": 0.18885714285714283,
        "s043": 0.011314285714285721,
        "s002": 0.05520000000000003,
        "s018": 0.4210285714285714,
        "s047": 0.032057142857142895,
        "s048": 0.28028571428571425,
        "s010": 0.07222857142857142,
        "s021": 0.04788571428571431,
        "s044": 0.13657142857142857,
        "s032": 0.20331428571428567,
        "s005": 0.04714285714285715,
        "s042": 0.021428571428571463,
        "s003": 0.1466857142857143,
        "s030": 0.2913714285714286,
        "s039": 0.07137142857142853,
        "s041": 0.2909142857142857,
        "s004": 0.09828571428571431,
        "s025": 0.027142857142857135,
        "s051": 0.055542857142857116,
        "s013": 0.09982857142857138,
        "s034": 0.26708571428571426,
        "s040": 0.08902857142857146,
        "s007": 0.10771428571428576,
        "s036": 0.00028571428571433355,
        "s024": 0.011600000000000055,
        "s055": 0.035942857142857165,
        "s033": 0.042742857142857194,
        "s046": 0.4294285714285714,
        "s027": 0.011142857142857121,
        "s017": 0.011771428571428544,
        "s056": 0.3147428571428571,
        "s012": 0.10594285714285712,
        "s053": 0.005142857142857116,
        "s035": 0.14508571428571426,
        "s031": 0.09354285714285715,
        "s049": 0.005428571428571449,
        "s020": 0.12245714285714282,
        "s028": 0.012914285714285767
    },
    "best_frr": [
        "s046",
        0.020000000000000018
    ],
    "best_far": [
        "s052",
        0.00022857142857146684
    ]
}