{
  "average_far": 0.11462745098039213,
  "average_frr": 0.21529411764705883,
  "best_far": [
    "s052",
    0.0
  ],
  "best_frr": [
    "s010",
    0.0
  ],
  "hp": {
    "default": {
      "threshold": 0.7000000000000001
    }
  },
  "user_model_far": {
    "s002": 0.05359999999999998,
    "s003": 0.08960000000000001,
    "s004": 0.09519999999999995,
    "s005": 0.035599999999999965,
    "s007": 0.1048,
    "s008": 0.04959999999999998,
    "s010": 0.04520000000000002,
    "s011": 0.12280000000000002,
    "s012": 0.0816,
    "s013": 0.1492,
    "s015": 0.19120000000000004,
    "s017": 0.00880000000000003,
    "s018": 0.3496,
    "s019": 0.006800000000000028,
    "s020": 0.023599999999999954,
    "s021": 0.032399999999999984,
    "s022": 0.0036000000000000476,
    "s024": 0.01639999999999997,
    "s025": 0.03720000000000001,
    "s026": 0.06520000000000004,
    "s027": 0.012399999999999967,
    "s028": 0.008399999999999963,
    "s029": 0.04920000000000002,
    "s030": 0.2832,
    "s031": 0.11919999999999997,
    "s032": 0.24,
    "s033": 0.0524,
    "s034": 0.3536,
    "s035": 0.15639999999999998,
    "s036": 0.005199999999999982,
    "s037": 0.20679999999999998,
    "s038": 0.22760000000000002,
    "s039": 0.050000000000000044,
    "s040": 0.12,
    "s041": 0.20279999999999998,
    "s042": 0.018000000000000016,
    "s043": 0.0011999999999999789,
    "s044": 0.14039999999999997,
    "s046": 0.47719999999999996,
    "s047": 0.07720000000000005,
    "s048": 0.2984,
    "s049": 0.0031999999999999806,
    "s050": 0.23199999999999998,
    "s051": 0.06840000000000002,
    "s052": 0.0,
    "s053": 0.005600000000000049,
    "s054": 0.35760000000000003,
    "s055": 0.021199999999999997,
    "s056": 0.2512,
    "s057": 0.24439999999999995
  },
  "user_model_frr": {
    "s002": 0.06000000000000005,
    "s003": 0.14,
    "s004": 0.31999999999999995,
    "s005": 0.040000000000000036,
    "s007": 0.07999999999999996,
    "s008": 0.30000000000000004,
    "s010": 0.0,
    "s011": 0.45999999999999996,
    "s012": 0.14,
    "s013": 0.12,
    "s015": 0.07999999999999996,
    "s017": 0.19999999999999996,
    "s018": 0.16000000000000003,
    "s019": 0.06000000000000005,
    "s020": 0.62,
    "s021": 0.21999999999999997,
    "s022": 0.26,
    "s024": 0.07999999999999996,
    "s025": 0.07999999999999996,
    "s026": 0.16000000000000003,
    "s027": 0.31999999999999995,
    "s028": 0.09999999999999998,
    "s029": 0.09999999999999998,
    "s030": 0.040000000000000036,
    "s031": 0.8,
    "s032": 0.31999999999999995,
    "s033": 0.12,
    "s034": 0.19999999999999996,
    "s035": 0.14,
    "s036": 0.07999999999999996,
    "s037": 0.16000000000000003,
    "s038": 0.19999999999999996,
    "s039": 0.14,
    "s040": 0.98,
    "s041": 0.52,
    "s042": 0.62,
    "s043": 0.09999999999999998,
    "s044": 0.06000000000000005,
    "s046": 0.07999999999999996,
    "s047": 0.020000000000000018,
    "s048": 0.0,
    "s049": 0.09999999999999998,
    "s050": 0.040000000000000036,
    "s051": 0.38,
    "s052": 0.64,
    "s053": 0.30000000000000004,
    "s054": 0.0,
    "s055": 0.24,
    "s056": 0.18000000000000005,
    "s057": 0.4
  }
}