{
    "hp": {
        "s022": {
            "threshold": 0.5499999999999999
        },
        "s012": {
            "threshold": 0.65
        },
        "s049": {
            "threshold": 0.6
        },
        "s032": {
            "threshold": 0.7000000000000001
        },
        "s054": {
            "threshold": 0.7000000000000001
        },
        "s048": {
            "threshold": 0.65
        },
        "s002": {
            "threshold": 0.65
        },
        "s055": {
            "threshold": 0.6
        },
        "s005": {
            "threshold": 0.65
        },
        "s010": {
            "threshold": 0.7000000000000001
        },
        "s044": {
            "threshold": 0.8000000000000002
        },
        "s040": {
            "threshold": 0.7000000000000001
        },
        "s016": {
            "threshold": 0.5499999999999999
        },
        "s031": {
            "threshold": 0.8000000000000002
        },
        "s036": {
            "threshold": 0.49999999999999994
        },
        "s041": {
            "threshold": 0.7500000000000001
        },
        "s020": {
            "threshold": 0.6
        },
        "s037": {
            "threshold": 0.7500000000000001
        },
        "s053": {
            "threshold": 0.5499999999999999
        },
        "s028": {
            "threshold": 0.5499999999999999
        },
        "s013": {
            "threshold": 0.7500000000000001
        },
        "s057": {
            "threshold": 0.7000000000000001
        },
        "s039": {
            "threshold": 0.7000000000000001
        },
        "s008": {
            "threshold": 0.6
        },
        "s047": {
            "threshold": 0.7000000000000001
        },
        "s052": {
            "threshold": 0.5499999999999999
        },
        "s051": {
            "threshold": 0.7000000000000001
        },
        "s017": {
            "threshold": 0.65
        },
        "s056": {
            "threshold": 0.7000000000000001
        },
        "s003": {
            "threshold": 0.7000000000000001
        },
        "s050": {
            "threshold": 0.7000000000000001
        },
        "s011": {
            "threshold": 0.65
        },
        "s018": {
            "threshold": 0.7000000000000001
        },
        "s029": {
            "threshold": 0.7000000000000001
        },
        "s027": {
            "threshold": 0.6
        },
        "s030": {
            "threshold": 0.7500000000000001
        },
        "s034": {
            "threshold": 0.8000000000000002
        },
        "s025": {
            "threshold": 0.7000000000000001
        },
        "s004": {
            "threshold": 0.7000000000000001
        },
        "s015": {
            "threshold": 0.65
        },
        "s038": {
            "threshold": 0.8000000000000002
        },
        "s019": {
            "threshold": 0.65
        },
        "s033": {
            "threshold": 0.7000000000000001
        },
        "s026": {
            "threshold": 0.7000000000000001
        },
        "s021": {
            "threshold": 0.7000000000000001
        },
        "s046": {
            "threshold": 0.8000000000000002
        },
        "s043": {
            "threshold": 0.5499999999999999
        },
        "s042": {
            "threshold": 0.65
        },
        "s007": {
            "threshold": 0.7500000000000001
        },
        "s024": {
            "threshold": 0.6
        },
        "s035": {
            "threshold": 0.8000000000000002
        }
    },
    "average_frr": 0.33422969187675067,
    "average_far": 0.10260616246498598,
    "user_model_frr": {
        "s022": 0.02571428571428569,
        "s012": 0.2142857142857143,
        "s049": 0.06285714285714283,
        "s032": 0.6485714285714286,
        "s054": 0.07999999999999996,
        "s048": 0.02571428571428569,
        "s002": 0.5085714285714286,
        "s055": 0.3028571428571428,
        "s005": 0.005714285714285672,
        "s010": 0.0942857142857143,
        "s044": 0.3342857142857143,
        "s040": 0.4742857142857143,
        "s016": 0.24857142857142855,
        "s031": 0.9571428571428572,
        "s036": 0.0028571428571428914,
        "s041": 0.8257142857142857,
        "s020": 0.3771428571428571,
        "s037": 0.5171428571428571,
        "s053": 0.0714285714285714,
        "s028": 0.10285714285714287,
        "s013": 0.6285714285714286,
        "s057": 0.3628571428571429,
        "s039": 0.14857142857142858,
        "s008": 0.5285714285714286,
        "s047": 0.4028571428571428,
        "s052": 0.14571428571428569,
        "s051": 0.7628571428571429,
        "s017": 0.1685714285714286,
        "s056": 0.34571428571428575,
        "s003": 0.5914285714285714,
        "s050": 0.07714285714285718,
        "s011": 0.78,
        "s018": 0.33999999999999997,
        "s029": 0.41428571428571426,
        "s027": 0.1657142857142857,
        "s030": 0.23428571428571432,
        "s034": 0.7485714285714286,
        "s025": 0.1428571428571429,
        "s004": 0.5428571428571429,
        "s015": 0.22857142857142854,
        "s038": 0.4314285714285714,
        "s019": 0.05142857142857138,
        "s033": 0.09999999999999998,
        "s026": 0.20571428571428574,
        "s021": 0.5571428571428572,
        "s046": 0.2371428571428571,
        "s043": 0.1171428571428571,
        "s042": 0.3342857142857143,
        "s007": 0.84,
        "s024": 0.008571428571428563
    },
    "user_model_far": {
        "s022": 0.03708571428571428,
        "s012": 0.15782857142857143,
        "s049": 0.0232,
        "s032": 0.19388571428571433,
        "s054": 0.3401142857142857,
        "s048": 0.38611428571428574,
        "s002": 0.10668571428571427,
        "s055": 0.1276571428571428,
        "s005": 0.08302857142857145,
        "s010": 0.04868571428571433,
        "s044": 0.03725714285714288,
        "s040": 0.08422857142857143,
        "s016": 0.01200000000000001,
        "s031": 0.03177142857142856,
        "s036": 0.013142857142857123,
        "s041": 0.0862857142857143,
        "s020": 0.20822857142857143,
        "s037": 0.0928,
        "s053": 0.1530285714285714,
        "s028": 0.04194285714285717,
        "s013": 0.05497142857142856,
        "s057": 0.22799999999999998,
        "s039": 0.044228571428571395,
        "s008": 0.13337142857142859,
        "s047": 0.057599999999999985,
        "s052": 0.01200000000000001,
        "s051": 0.0610857142857143,
        "s017": 0.02234285714285711,
        "s056": 0.23160000000000003,
        "s003": 0.09531428571428568,
        "s050": 0.22737142857142856,
        "s011": 0.21405714285714283,
        "s018": 0.3376571428571429,
        "s029": 0.047599999999999976,
        "s027": 0.06622857142857141,
        "s030": 0.1111428571428571,
        "s034": 0.10194285714285711,
        "s025": 0.018228571428571483,
        "s004": 0.08725714285714281,
        "s015": 0.28011428571428576,
        "s038": 0.056400000000000006,
        "s019": 0.016171428571428614,
        "s033": 0.03868571428571432,
        "s026": 0.06377142857142859,
        "s021": 0.0252,
        "s046": 0.15445714285714285,
        "s043": 0.023599999999999954,
        "s042": 0.055714285714285716,
        "s007": 0.0395428571428571,
        "s024": 0.04314285714285715
    },
    "best_frr": [
        "s036",
        0.0028571428571428914
    ],
    "best_far": [
        "s016",
        0.01200000000000001
    ]
}