{
    "hp": {
        "default": {
            "cache_size": 200,
            "coef0": 0.0,
            "degree": 3,
            "gamma": "scale",
            "kernel": "rbf",
            "max_iter": -1,
            "nu": 0.5,
            "shrinking": true,
            "tol": 0.001,
            "verbose": false
        }
    },
    "average_frr": 0.8735014005602241,
    "average_far": 0.05818711484593834,
    "user_model_frr": {
        "s020": 0.7257142857142858,
        "s055": 0.9257142857142857,
        "s056": 0.7657142857142857,
        "s025": 0.6942857142857143,
        "s049": 0.9742857142857143,
        "s024": 0.9171428571428571,
        "s013": 0.9228571428571428,
        "s010": 0.8628571428571429,
        "s029": 0.9228571428571428,
        "s008": 0.9857142857142858,
        "s007": 0.98,
        "s046": 0.7828571428571429,
        "s053": 0.9142857142857143,
        "s057": 0.8942857142857142,
        "s041": 0.7885714285714286,
        "s043": 0.9685714285714285,
        "s047": 0.9085714285714286,
        "s012": 0.96,
        "s051": 1.0,
        "s022": 0.9,
        "s038": 0.8714285714285714,
        "s021": 0.9657142857142857,
        "s035": 0.9142857142857143,
        "s042": 0.6857142857142857,
        "s052": 0.9885714285714285,
        "s028": 0.9257142857142857,
        "s048": 0.7685714285714286,
        "s030": 0.6885714285714286,
        "s003": 0.9285714285714286,
        "s050": 0.7028571428571428,
        "s039": 0.8857142857142857,
        "s027": 0.9457142857142857,
        "s015": 0.9457142857142857,
        "s031": 0.8228571428571428,
        "s040": 0.9514285714285714,
        "s054": 0.9028571428571428,
        "s026": 0.5971428571428572,
        "s016": 0.8742857142857143,
        "s017": 0.8714285714285714,
        "s019": 0.9628571428571429,
        "s037": 0.7542857142857142,
        "s034": 0.9514285714285714,
        "s033": 0.8514285714285714,
        "s011": 0.9942857142857143,
        "s044": 0.7742857142857142,
        "s018": 0.9057142857142857,
        "s032": 0.8942857142857142,
        "s005": 0.9057142857142857,
        "s002": 0.9714285714285714,
        "s004": 0.9057142857142857
    },
    "user_model_far": {
        "s020": 0.21931428571428568,
        "s055": 0.007085714285714251,
        "s056": 0.2976,
        "s025": 0.0030285714285713805,
        "s049": 0.000971428571428623,
        "s024": 0.0020571428571428685,
        "s013": 0.21485714285714286,
        "s010": 0.07965714285714287,
        "s029": 0.017885714285714283,
        "s008": 0.007885714285714274,
        "s007": 0.05617142857142854,
        "s046": 0.10205714285714285,
        "s053": 0.011085714285714254,
        "s057": 0.17542857142857138,
        "s041": 0.10794285714285712,
        "s043": 0.00017142857142860013,
        "s047": 0.010285714285714231,
        "s012": 0.1218285714285714,
        "s051": 0.0020571428571428685,
        "s022": 0.0010857142857142454,
        "s038": 0.03251428571428572,
        "s021": 0.00388571428571427,
        "s035": 0.07891428571428571,
        "s042": 0.006857142857142895,
        "s052": 5.714285714286671e-05,
        "s028": 0.005085714285714249,
        "s048": 0.11668571428571428,
        "s030": 0.05520000000000003,
        "s003": 0.1658857142857143,
        "s050": 0.14600000000000002,
        "s039": 0.022399999999999975,
        "s027": 0.00045714285714282266,
        "s015": 0.07737142857142854,
        "s031": 0.06497142857142857,
        "s040": 0.008342857142857096,
        "s054": 0.024228571428571377,
        "s026": 0.06697142857142857,
        "s016": 0.00017142857142860013,
        "s017": 0.038971428571428546,
        "s019": 0.0014285714285714457,
        "s037": 0.06668571428571424,
        "s034": 0.02908571428571427,
        "s033": 0.010971428571428521,
        "s011": 0.11582857142857139,
        "s044": 0.04222857142857139,
        "s018": 0.15880000000000005,
        "s032": 0.13697142857142852,
        "s005": 0.009257142857142853,
        "s002": 0.008514285714285696,
        "s004": 0.03228571428571425
    },
    "best_frr": [
        "s026",
        0.5971428571428572
    ],
    "best_far": [
        "s052",
        5.714285714286671e-05
    ]
}