{
    "hp": {
        "default": {
            "activation": "relu",
            "alpha": 0.0001,
            "batch_size": "auto",
            "beta_1": 0.9,
            "beta_2": 0.999,
            "early_stopping": false,
            "epsilon": 1e-08,
            "hidden_layer_sizes": [
                100,
                400,
                100
            ],
            "learning_rate": "constant",
            "learning_rate_init": 0.001,
            "max_fun": 15000,
            "max_iter": 200,
            "momentum": 0.9,
            "n_iter_no_change": 10,
            "nesterovs_momentum": true,
            "power_t": 0.5,
            "random_state": null,
            "shuffle": true,
            "solver": "adam",
            "tol": 0.0001,
            "validation_fraction": 0.1,
            "verbose": false,
            "warm_start": false
        }
    },
    "average_frr": 0.3663305322128851,
    "average_far": 0.08597086834733894,
    "user_model_frr": {
        "s036": 0.1914285714285714,
        "s020": 0.19999999999999996,
        "s048": 0.27428571428571424,
        "s021": 0.5428571428571429,
        "s035": 0.5342857142857143,
        "s039": 0.12571428571428567,
        "s037": 0.49142857142857144,
        "s019": 0.3314285714285714,
        "s055": 0.02571428571428569,
        "s043": 0.8,
        "s002": 0.8257142857142857,
        "s010": 0.09142857142857141,
        "s011": 0.6571428571428571,
        "s005": 0.5142857142857142,
        "s038": 0.17142857142857137,
        "s057": 0.6257142857142857,
        "s030": 0.1428571428571429,
        "s017": 0.12571428571428567,
        "s018": 0.15142857142857147,
        "s025": 0.06571428571428573,
        "s028": 0.43714285714285717,
        "s015": 0.4228571428571428,
        "s032": 0.6028571428571429,
        "s047": 0.4971428571428571,
        "s050": 0.18000000000000005,
        "s054": 0.6,
        "s013": 0.18571428571428572,
        "s031": 0.7457142857142858,
        "s056": 0.07428571428571429,
        "s029": 0.6257142857142857,
        "s024": 0.4971428571428571,
        "s008": 0.9257142857142857,
        "s041": 0.02285714285714291,
        "s049": 0.8657142857142857,
        "s044": 0.15428571428571425,
        "s052": 0.05714285714285716,
        "s022": 0.44571428571428573,
        "s026": 0.11428571428571432,
        "s016": 0.4542857142857143,
        "s046": 0.39428571428571424,
        "s051": 0.7228571428571429,
        "s012": 0.05142857142857138,
        "s040": 0.10857142857142854,
        "s042": 0.02857142857142858,
        "s003": 0.06857142857142862,
        "s004": 0.36857142857142855,
        "s027": 0.4571428571428572,
        "s034": 0.6114285714285714,
        "s033": 0.2114285714285714,
        "s053": 0.0485714285714286
    },
    "user_model_far": {
        "s036": 0.00914285714285712,
        "s020": 0.1810857142857143,
        "s048": 0.10685714285714287,
        "s021": 0.0942857142857143,
        "s035": 0.05005714285714291,
        "s039": 0.08074285714285712,
        "s037": 0.1785714285714286,
        "s019": 0.05879999999999996,
        "s055": 0.08685714285714285,
        "s043": 0.01759999999999995,
        "s002": 0.04737142857142862,
        "s010": 0.08108571428571432,
        "s011": 0.10508571428571434,
        "s005": 0.05902857142857143,
        "s038": 0.08034285714285716,
        "s057": 0.08137142857142854,
        "s030": 0.09668571428571426,
        "s017": 0.0632571428571429,
        "s018": 0.18634285714285714,
        "s025": 0.014399999999999968,
        "s028": 0.020857142857142907,
        "s015": 0.10360000000000003,
        "s032": 0.19782857142857146,
        "s047": 0.02639999999999998,
        "s050": 0.18868571428571423,
        "s054": 0.10942857142857143,
        "s013": 0.03708571428571428,
        "s031": 0.11582857142857139,
        "s056": 0.21988571428571424,
        "s029": 0.08417142857142856,
        "s024": 0.020571428571428574,
        "s008": 0.10571428571428576,
        "s041": 0.12280000000000002,
        "s049": 0.010285714285714231,
        "s044": 0.07331428571428567,
        "s052": 0.016800000000000037,
        "s022": 0.028000000000000025,
        "s026": 0.19971428571428573,
        "s016": 0.02417142857142862,
        "s046": 0.08651428571428577,
        "s051": 0.09377142857142862,
        "s012": 0.09960000000000002,
        "s040": 0.03994285714285717,
        "s042": 0.05194285714285718,
        "s003": 0.18737142857142852,
        "s004": 0.11822857142857146,
        "s027": 0.010742857142857165,
        "s034": 0.061657142857142855,
        "s033": 0.044571428571428595,
        "s053": 0.048114285714285665
    },
    "best_frr": [
        "s041",
        0.02285714285714291
    ],
    "best_far": [
        "s036",
        0.00914285714285712
    ]
}