{
    "hp": {
        "default": {
            "activation": "relu",
            "alpha": 0.0001,
            "batch_size": "auto",
            "beta_1": 0.9,
            "beta_2": 0.999,
            "dropout": 0.5,
            "early_stopping": false,
            "epsilon": 1e-08,
            "hidden_layer_sizes": [
                100
            ],
            "learning_rate": "constant",
            "learning_rate_init": 0.001,
            "max_fun": 15000,
            "max_iter": 200,
            "momentum": 0.9,
            "n_iter_no_change": 10,
            "nesterovs_momentum": true,
            "power_t": 0.5,
            "random_state": null,
            "shuffle": true,
            "solver": "adam",
            "tol": 0.0001,
            "validation_fraction": 0.1,
            "verbose": false,
            "warm_start": false
        }
    },
    "average_frr": 0.20767507002801122,
    "average_far": 0.3650801120448179,
    "user_model_frr": {
        "s007": 0.005714285714285672,
        "s020": 0.3514285714285714,
        "s030": 0.36857142857142855,
        "s047": 0.017142857142857126,
        "s051": 0.06857142857142862,
        "s054": 0.08571428571428574,
        "s031": 0.6457142857142857,
        "s040": 0.017142857142857126,
        "s044": 0.5371428571428571,
        "s046": 0.4057142857142857,
        "s005": 0.07714285714285718,
        "s004": 0.08285714285714285,
        "s016": 0.0028571428571428914,
        "s019": 0.008571428571428563,
        "s003": 0.017142857142857126,
        "s050": 0.17142857142857137,
        "s027": 0.3542857142857143,
        "s022": 0.18285714285714283,
        "s057": 0.06285714285714283,
        "s036": 0.005714285714285672,
        "s033": 0.0028571428571428914,
        "s038": 0.13142857142857145,
        "s012": 0.011428571428571455,
        "s024": 0.19428571428571428,
        "s017": 0.8285714285714285,
        "s048": 0.0485714285714286,
        "s042": 0.02571428571428569,
        "s018": 0.48,
        "s055": 0.03142857142857147,
        "s028": 0.5828571428571429,
        "s002": 0.88,
        "s021": 0.06571428571428573,
        "s026": 0.9828571428571429,
        "s039": 0.11428571428571432,
        "s052": 0.037142857142857144,
        "s053": 0.10285714285714287,
        "s015": 0.1685714285714286,
        "s041": 0.037142857142857144,
        "s043": 0.6228571428571428,
        "s011": 0.008571428571428563,
        "s013": 0.15714285714285714,
        "s025": 0.08571428571428574,
        "s056": 0.0714285714285714,
        "s008": 0.13428571428571423,
        "s032": 0.26,
        "s034": 0.6799999999999999,
        "s035": 0.03142857142857147,
        "s049": 0.12571428571428567,
        "s010": 0.05142857142857138,
        "s037": 0.09999999999999998
    },
    "user_model_far": {
        "s007": 0.6656571428571428,
        "s020": 0.3521714285714286,
        "s030": 0.13908571428571426,
        "s047": 0.8513714285714286,
        "s051": 0.46519999999999995,
        "s054": 0.4258857142857143,
        "s031": 0.2867428571428572,
        "s040": 0.5251428571428571,
        "s044": 0.10919999999999996,
        "s046": 0.1528571428571428,
        "s005": 0.2373142857142857,
        "s004": 0.4310285714285714,
        "s016": 0.45617142857142856,
        "s019": 0.8545142857142858,
        "s003": 0.6193714285714286,
        "s050": 0.5238857142857143,
        "s027": 0.0630857142857143,
        "s022": 0.09337142857142855,
        "s057": 0.5376000000000001,
        "s036": 0.06279999999999997,
        "s033": 0.9793142857142857,
        "s038": 0.13594285714285714,
        "s012": 0.5041142857142857,
        "s024": 0.07937142857142854,
        "s017": 0.02622857142857138,
        "s048": 0.5298285714285714,
        "s042": 0.2324571428571428,
        "s018": 0.10251428571428567,
        "s055": 0.24068571428571428,
        "s028": 0.05308571428571429,
        "s002": 0.05308571428571429,
        "s021": 0.6135999999999999,
        "s026": 0.15314285714285714,
        "s039": 0.5547428571428572,
        "s052": 0.0355428571428571,
        "s053": 0.35508571428571434,
        "s015": 0.3270857142857143,
        "s041": 0.6541142857142856,
        "s043": 0.07508571428571431,
        "s011": 0.5332,
        "s013": 0.2770285714285714,
        "s025": 0.05720000000000003,
        "s056": 0.5022285714285715,
        "s008": 0.36639999999999995,
        "s032": 0.6287428571428572,
        "s034": 0.10925714285714283,
        "s035": 0.9231428571428572,
        "s049": 0.23554285714285716,
        "s010": 0.3743428571428571,
        "s037": 0.6538857142857143
    },
    "best_frr": [
        "s016",
        0.0028571428571428914
    ],
    "best_far": [
        "s017",
        0.02622857142857138
    ]
}