{
    "hp": {
        "default": {
            "bootstrap": true,
            "ccp_alpha": 0.0,
            "class_weight": null,
            "criterion": "gini",
            "max_depth": null,
            "max_features": "sqrt",
            "max_leaf_nodes": null,
            "max_samples": null,
            "min_impurity_decrease": 0.0,
            "min_samples_leaf": 1,
            "min_samples_split": 2,
            "min_weight_fraction_leaf": 0.0,
            "monotonic_cst": null,
            "n_estimators": 100,
            "n_jobs": null,
            "oob_score": false,
            "random_state": null,
            "verbose": 0,
            "warm_start": false
        }
    },
    "average_frr": 0.33294117647058824,
    "average_far": 0.04339159663865545,
    "user_model_frr": {
        "s052": 0.1914285714285714,
        "s048": 0.042857142857142816,
        "s005": 0.46285714285714286,
        "s029": 0.08285714285714285,
        "s018": 0.11428571428571432,
        "s040": 0.037142857142857144,
        "s039": 0.13428571428571423,
        "s016": 0.36,
        "s022": 0.1657142857142857,
        "s013": 0.06571428571428573,
        "s036": 0.0,
        "s017": 0.12857142857142856,
        "s008": 0.6742857142857143,
        "s051": 0.88,
        "s027": 0.4057142857142857,
        "s030": 0.020000000000000018,
        "s011": 0.29714285714285715,
        "s032": 0.7228571428571429,
        "s003": 0.037142857142857144,
        "s050": 0.15428571428571425,
        "s033": 0.06857142857142862,
        "s038": 0.19714285714285718,
        "s028": 0.28,
        "s026": 0.06285714285714283,
        "s004": 0.12571428571428567,
        "s002": 0.8685714285714285,
        "s019": 0.5857142857142856,
        "s015": 0.3571428571428571,
        "s025": 0.12285714285714289,
        "s035": 0.3514285714285714,
        "s056": 0.20571428571428574,
        "s021": 0.8342857142857143,
        "s044": 0.43999999999999995,
        "s012": 0.040000000000000036,
        "s049": 0.8571428571428572,
        "s053": 0.042857142857142816,
        "s031": 0.9228571428571428,
        "s024": 0.0714285714285714,
        "s047": 0.5228571428571429,
        "s041": 0.008571428571428563,
        "s020": 0.18285714285714283,
        "s054": 0.6485714285714286,
        "s010": 0.06571428571428573,
        "s055": 0.0028571428571428914,
        "s057": 0.4314285714285714,
        "s043": 0.8057142857142857,
        "s046": 0.5800000000000001,
        "s034": 0.7685714285714286,
        "s007": 0.8685714285714285,
        "s037": 0.4828571428571429
    },
    "user_model_far": {
        "s052": 0.0014857142857143124,
        "s048": 0.0462285714285714,
        "s005": 0.02314285714285713,
        "s029": 0.053542857142857114,
        "s018": 0.08622857142857143,
        "s040": 0.03045714285714285,
        "s039": 0.02045714285714284,
        "s016": 0.022285714285714242,
        "s022": 0.017371428571428593,
        "s013": 0.0609142857142857,
        "s036": 0.0015428571428571791,
        "s017": 0.044914285714285684,
        "s008": 0.07165714285714286,
        "s051": 0.02028571428571424,
        "s027": 0.005714285714285672,
        "s030": 0.021771428571428553,
        "s011": 0.12274285714285715,
        "s032": 0.05651428571428574,
        "s003": 0.11902857142857148,
        "s050": 0.07291428571428571,
        "s033": 0.0128571428571429,
        "s038": 0.013942857142857146,
        "s028": 0.014399999999999968,
        "s026": 0.053885714285714315,
        "s004": 0.08325714285714281,
        "s002": 0.022399999999999975,
        "s019": 0.035428571428571476,
        "s015": 0.04462857142857146,
        "s025": 0.0022857142857143353,
        "s035": 0.005714285714285672,
        "s056": 0.1555428571428571,
        "s021": 0.043371428571428616,
        "s044": 0.020857142857142907,
        "s012": 0.06142857142857139,
        "s049": 0.0023999999999999577,
        "s053": 0.04245714285714286,
        "s031": 0.04239999999999999,
        "s024": 0.03434285714285712,
        "s047": 0.018685714285714305,
        "s041": 0.08782857142857148,
        "s020": 0.1493714285714286,
        "s054": 0.026000000000000023,
        "s010": 0.0128571428571429,
        "s055": 0.08308571428571432,
        "s057": 0.023942857142857155,
        "s043": 0.013314285714285723,
        "s046": 0.05417142857142854,
        "s034": 0.024457142857142844,
        "s007": 0.040000000000000036,
        "s037": 0.08599999999999997
    },
    "best_frr": [
        "s036",
        0.0
    ],
    "best_far": [
        "s052",
        0.0014857142857143124
    ]
}